{
	"info": {
		"_postman_id": "48bc6adf-9ca4-4b18-9575-dba1a5b745cb",
		"name": "shop_shykh",
		"description": "# 🚀 Get started here\n\nThis template guides you through CRUD operations (GET, POST, PUT, DELETE), variables, and tests.\n\n## 🔖 **How to use this template**\n\n#### **Step 1: Send requests**\n\nRESTful APIs allow you to perform CRUD operations using the POST, GET, PUT, and DELETE HTTP methods.\n\nThis collection contains each of these [request](https://learning.postman.com/docs/sending-requests/requests/) types. Open each request and click \"Send\" to see what happens.\n\n#### **Step 2: View responses**\n\nObserve the response tab for status code (200 OK), response time, and size.\n\n#### **Step 3: Send new Body data**\n\nUpdate or add new data in \"Body\" in the POST request. Typically, Body data is also used in PUT request.\n\n```\n{\n    \"name\": \"Add your name in the body\"\n}\n\n ```\n\n#### **Step 4: Update the variable**\n\nVariables enable you to store and reuse values in Postman. We have created a [variable](https://learning.postman.com/docs/sending-requests/variables/) called `base_url` with the sample request [https://postman-api-learner.glitch.me](https://postman-api-learner.glitch.me). Replace it with your API endpoint to customize this collection.\n\n#### **Step 5: Add tests in the \"Scripts\" tab**\n\nAdding tests to your requests can help you confirm that your API is working as expected. You can write test scripts in JavaScript and view the output in the \"Test Results\" tab.\n\n<img src=\"https://content.pstmn.io/fa30ea0a-373d-4545-a668-e7b283cca343/aW1hZ2UucG5n\" alt=\"\" height=\"1530\" width=\"2162\">\n\n## 💪 Pro tips\n\n- Use folders to group related requests and organize the collection.\n    \n- Add more [scripts](https://learning.postman.com/docs/writing-scripts/intro-to-scripts/) to verify if the API works as expected and execute workflows.\n    \n\n## 💡Related templates\n\n[API testing basics](https://go.postman.co/redirect/workspace?type=personal&collectionTemplateId=e9a37a28-055b-49cd-8c7e-97494a21eb54&sourceTemplateId=ddb19591-3097-41cf-82af-c84273e56719)  \n[API documentation](https://go.postman.co/redirect/workspace?type=personal&collectionTemplateId=e9c28f47-1253-44af-a2f3-20dce4da1f18&sourceTemplateId=ddb19591-3097-41cf-82af-c84273e56719)  \n[Authorization methods](https://go.postman.co/redirect/workspace?type=personal&collectionTemplateId=31a9a6ed-4cdf-4ced-984c-d12c9aec1c27&sourceTemplateId=ddb19591-3097-41cf-82af-c84273e56719)",
		"schema": "https://schema.getpostman.com/json/collection/v2.1.0/collection.json",
		"_exporter_id": "19124985"
	},
	"item": [
		{
			"name": "auth",
			"event": [
				{
					"listen": "test",
					"script": {
						"exec": [
							"pm.test(\"Successful POST request\", function () {",
							"    pm.expect(pm.response.code).to.be.oneOf([200, 201]);",
							"});",
							""
						],
						"type": "text/javascript",
						"packages": {}
					}
				}
			],
			"request": {
				"method": "POST",
				"header": [],
				"body": {
					"mode": "urlencoded",
					"urlencoded": [
						{
							"key": "phone",
							"value": "09169999744",
							"type": "text"
						}
					]
				},
				"url": {
					"raw": "http://localhost:3000/api/v1/auth",
					"protocol": "http",
					"host": [
						"localhost"
					],
					"port": "3000",
					"path": [
						"api",
						"v1",
						"auth"
					]
				},
				"description": "This is a POST request, submitting data to an API via the request body. This request submits JSON data, and the data is reflected in the response.\n\nA successful POST request typically returns a `200 OK` or `201 Created` response code."
			},
			"response": []
		},
		{
			"name": "auth/login",
			"event": [
				{
					"listen": "test",
					"script": {
						"exec": [
							"pm.test(\"Successful POST request\", function () {",
							"    pm.expect(pm.response.code).to.be.oneOf([200, 201]);",
							"});",
							""
						],
						"type": "text/javascript",
						"packages": {}
					}
				}
			],
			"request": {
				"method": "POST",
				"header": [],
				"body": {
					"mode": "urlencoded",
					"urlencoded": [
						{
							"key": "phone",
							"value": "09169999744",
							"type": "text"
						},
						{
							"key": "code",
							"value": "76070",
							"type": "text"
						}
					]
				},
				"url": {
					"raw": "http://localhost:3000/api/v1/auth/login",
					"protocol": "http",
					"host": [
						"localhost"
					],
					"port": "3000",
					"path": [
						"api",
						"v1",
						"auth",
						"login"
					],
					"query": [
						{
							"key": "phone",
							"value": "09169999744",
							"disabled": true
						},
						{
							"key": "code",
							"value": "74610",
							"disabled": true
						}
					]
				},
				"description": "This is a POST request, submitting data to an API via the request body. This request submits JSON data, and the data is reflected in the response.\n\nA successful POST request typically returns a `200 OK` or `201 Created` response code."
			},
			"response": []
		},
		{
			"name": "createProduct",
			"event": [
				{
					"listen": "test",
					"script": {
						"exec": [
							"pm.test(\"Successful POST request\", function () {",
							"    pm.expect(pm.response.code).to.be.oneOf([200, 201]);",
							"});",
							""
						],
						"type": "text/javascript",
						"packages": {}
					}
				}
			],
			"request": {
				"auth": {
					"type": "bearer",
					"bearer": [
						{
							"key": "token",
							"value": "eyJhbGciOiJIUzI1NiIsInR5cCI6IkpXVCJ9.eyJ1c2VySUQiOiI2NmNmNTIxNzYyNDM3NjQ4ZWJlM2YyMDUiLCJpYXQiOjE3MjQ5NDkwODgsImV4cCI6MTcyNTQ2NzQ4OH0.eSiD4R4HOqcSLJs5GMyvRlTyyNIjbOtlAwPxzdTbaqs",
							"type": "string"
						}
					]
				},
				"method": "POST",
				"header": [],
				"body": {
					"mode": "formdata",
					"formdata": [
						{
							"key": "title",
							"value": "پیراهن",
							"type": "text"
						},
						{
							"key": "description",
							"value": "کیفیت ساخت بالا با طراحی و چاپ زیبا",
							"type": "text"
						},
						{
							"key": "priceVariants",
							"value": "S,Brown,20/m,red,40/l,black,60",
							"type": "text"
						},
						{
							"key": "images",
							"type": "file",
							"src": [
								"/C:/Users/Mamal/Downloads/Screenshot 2024-07-09 181909.png",
								"/C:/Users/Mamal/Downloads/Screenshot 2024-07-09 180311.png"
							]
						}
					]
				},
				"url": {
					"raw": "http://localhost:3000/api/v1/admin/createProduct",
					"protocol": "http",
					"host": [
						"localhost"
					],
					"port": "3000",
					"path": [
						"api",
						"v1",
						"admin",
						"createProduct"
					]
				},
				"description": "This is a POST request, submitting data to an API via the request body. This request submits JSON data, and the data is reflected in the response.\n\nA successful POST request typically returns a `200 OK` or `201 Created` response code."
			},
			"response": []
		},
		{
			"name": "editProduct",
			"event": [
				{
					"listen": "test",
					"script": {
						"exec": [
							"pm.test(\"Successful PUT request\", function () {",
							"    pm.expect(pm.response.code).to.be.oneOf([200, 201, 204]);",
							"});",
							""
						],
						"type": "text/javascript",
						"packages": {}
					}
				}
			],
			"request": {
				"auth": {
					"type": "bearer",
					"bearer": [
						{
							"key": "token",
							"value": "eyJhbGciOiJIUzI1NiIsInR5cCI6IkpXVCJ9.eyJ1c2VySUQiOiI2NmNmNTIxNzYyNDM3NjQ4ZWJlM2YyMDUiLCJpYXQiOjE3MjQ5NDkwODgsImV4cCI6MTcyNTQ2NzQ4OH0.eSiD4R4HOqcSLJs5GMyvRlTyyNIjbOtlAwPxzdTbaqs",
							"type": "string"
						}
					]
				},
				"method": "PUT",
				"header": [],
				"body": {
					"mode": "formdata",
					"formdata": [
						{
							"key": "title",
							"value": "شلوارک",
							"type": "text"
						},
						{
							"key": "description",
							"value": "کیفیت ساخت بالا با طراحی و چاپ زیبا",
							"type": "text"
						},
						{
							"key": "priceVariants",
							"value": "S,Brown,20/m,red,40/l,black,60",
							"type": "text"
						},
						{
							"key": "images",
							"type": "file",
							"src": [
								"/C:/Users/Mamal/Downloads/img/oscar-keys-ojVMh1QTVGY-unsplash.jpg",
								"/C:/Users/Mamal/Downloads/img/lucian-alexe-NTblJQ377Js-unsplash.jpg",
								"/C:/Users/Mamal/Downloads/img/anton-mislawsky-Hrub79gOSwQ-unsplash.jpg",
								"/C:/Users/Mamal/Downloads/img/vishnu-r-nair-m1WZS5ye404-unssplash (1).jpg",
								"/C:/Users/Mamal/Downloads/img/jaanus-jagomagi-AZJAIiIn6BY-unsplash.jpg"
							]
						}
					]
				},
				"url": {
					"raw": "http://localhost:3000/api/v1/admin/editProduct/66d07a74cf66eb31f4c71005",
					"protocol": "http",
					"host": [
						"localhost"
					],
					"port": "3000",
					"path": [
						"api",
						"v1",
						"admin",
						"editProduct",
						"66d07a74cf66eb31f4c71005"
					],
					"query": [
						{
							"key": "id",
							"value": "1",
							"disabled": true
						}
					]
				},
				"description": "This is a PUT request and it is used to overwrite an existing piece of data. For instance, after you create an entity with a POST request, you may want to modify that later. You can do that using a PUT request. You typically identify the entity being updated by including an identifier in the URL (eg. `id=1`).\n\nA successful PUT request typically returns a `200 OK`, `201 Created`, or `204 No Content` response code."
			},
			"response": []
		},
		{
			"name": "deleteProduct",
			"event": [
				{
					"listen": "test",
					"script": {
						"exec": [
							"pm.test(\"Successful DELETE request\", function () {",
							"    pm.expect(pm.response.code).to.be.oneOf([200, 202, 204]);",
							"});",
							""
						],
						"type": "text/javascript",
						"packages": {}
					}
				}
			],
			"request": {
				"auth": {
					"type": "bearer",
					"bearer": [
						{
							"key": "token",
							"value": "eyJhbGciOiJIUzI1NiIsInR5cCI6IkpXVCJ9.eyJ1c2VySUQiOiI2NmNmNTIxNzYyNDM3NjQ4ZWJlM2YyMDUiLCJpYXQiOjE3MjQ5NDA1OTIsImV4cCI6MTcyNTQ1ODk5Mn0.NEHRHCNJQjQcGeTqrxSV8lf4krc67L5P9Mm8BQGYqz8",
							"type": "string"
						}
					]
				},
				"method": "DELETE",
				"header": [],
				"url": {
					"raw": "http://localhost:3000/api/v1/admin/deleteProduct/66d0a270c98dd92c3fc1f98b",
					"protocol": "http",
					"host": [
						"localhost"
					],
					"port": "3000",
					"path": [
						"api",
						"v1",
						"admin",
						"deleteProduct",
						"66d0a270c98dd92c3fc1f98b"
					]
				},
				"description": "This is a DELETE request, and it is used to delete data that was previously created via a POST request. You typically identify the entity being updated by including an identifier in the URL (eg. `id=1`).\n\nA successful DELETE request typically returns a `200 OK`, `202 Accepted`, or `204 No Content` response code."
			},
			"response": []
		},
		{
			"name": "allProductAdmin",
			"request": {
				"auth": {
					"type": "bearer",
					"bearer": [
						{
							"key": "token",
							"value": "eyJhbGciOiJIUzI1NiIsInR5cCI6IkpXVCJ9.eyJ1c2VySUQiOiI2NmNmNTIxNzYyNDM3NjQ4ZWJlM2YyMDUiLCJpYXQiOjE3MjQ5NDA1OTIsImV4cCI6MTcyNTQ1ODk5Mn0.NEHRHCNJQjQcGeTqrxSV8lf4krc67L5P9Mm8BQGYqz8",
							"type": "string"
						}
					]
				},
				"method": "GET",
				"header": [],
				"url": {
					"raw": "http://localhost:3000/api/v1/admin/allProducts",
					"protocol": "http",
					"host": [
						"localhost"
					],
					"port": "3000",
					"path": [
						"api",
						"v1",
						"admin",
						"allProducts"
					]
				}
			},
			"response": []
		},
		{
			"name": "singleProductAdmin",
			"request": {
				"auth": {
					"type": "bearer",
					"bearer": [
						{
							"key": "token",
							"value": "eyJhbGciOiJIUzI1NiIsInR5cCI6IkpXVCJ9.eyJ1c2VySUQiOiI2NmNmNTIxNzYyNDM3NjQ4ZWJlM2YyMDUiLCJpYXQiOjE3MjQ5NDA1OTIsImV4cCI6MTcyNTQ1ODk5Mn0.NEHRHCNJQjQcGeTqrxSV8lf4krc67L5P9Mm8BQGYqz8",
							"type": "string"
						}
					]
				},
				"method": "GET",
				"header": [],
				"url": {
					"raw": "http://localhost:3000/api/v1/admin/singleProduct/66d07a74cf66eb31f4c71005",
					"protocol": "http",
					"host": [
						"localhost"
					],
					"port": "3000",
					"path": [
						"api",
						"v1",
						"admin",
						"singleProduct",
						"66d07a74cf66eb31f4c71005"
					]
				}
			},
			"response": []
		},
		{
			"name": "allProductPanel",
			"request": {
				"method": "GET",
				"header": [],
				"url": {
					"raw": "http://localhost:3000/api/v1/product",
					"protocol": "http",
					"host": [
						"localhost"
					],
					"port": "3000",
					"path": [
						"api",
						"v1",
						"product"
					]
				}
			},
			"response": []
		},
		{
			"name": "singleProductPanel",
			"request": {
				"method": "GET",
				"header": [],
				"url": {
					"raw": "http://localhost:3000/api/v1/product/yptHzP",
					"protocol": "http",
					"host": [
						"localhost"
					],
					"port": "3000",
					"path": [
						"api",
						"v1",
						"product",
						"yptHzP"
					]
				}
			},
			"response": []
		}
	],
	"event": [
		{
			"listen": "prerequest",
			"script": {
				"type": "text/javascript",
				"exec": [
					""
				]
			}
		},
		{
			"listen": "test",
			"script": {
				"type": "text/javascript",
				"exec": [
					""
				]
			}
		}
	],
	"variable": [
		{
			"key": "url",
			"value": "http://localhost:3000"
		}
	]
}